id,title,category,skills_required,description,min_experience
1,Machine Learning Engineer,AI/ML Engineering,"Computer Vision, TensorFlow, Data Science, PyTorch, NLP, Python","We are looking for an experienced Machine Learning Engineer to join our team. The ideal candidate will have expertise in Computer Vision, TensorFlow, Data Science, PyTorch and related technologies.",4.5
2,AI Engineer,AI/ML Engineering,"Computer Vision, TensorFlow, Data Science, PyTorch, NLP, Python","We are looking for an experienced AI Engineer to join our team. The ideal candidate will have expertise in Computer Vision, TensorFlow, Data Science, PyTorch and related technologies.",4.5
3,Computer Vision Specialist,AI/ML Engineering,"Computer Vision, TensorFlow, Data Science, PyTorch, NLP, Python","We are looking for an experienced Computer Vision Specialist to join our team. The ideal candidate will have expertise in Computer Vision, TensorFlow, Data Science, PyTorch and related technologies.",4.5
4,Backend Developer,Backend Development,"PHP, Ruby, Go, Python, C#, Java","We are looking for an experienced Backend Developer to join our team. The ideal candidate will have expertise in PHP, Ruby, Go, Python and related technologies.",3.7
5,API Engineer,Backend Development,"PHP, Ruby, Go, Python, C#, Java","We are looking for an experienced API Engineer to join our team. The ideal candidate will have expertise in PHP, Ruby, Go, Python and related technologies.",3.7
6,Systems Architect,Backend Development,"PHP, Ruby, Go, Python, C#, Java","We are looking for an experienced Systems Architect to join our team. The ideal candidate will have expertise in PHP, Ruby, Go, Python and related technologies.",3.7
7,UI Designer,UI/UX Design,"Sketch, Wireframing, Adobe XD, Figma, User Research, Prototyping","We are looking for an experienced UI Designer to join our team. The ideal candidate will have expertise in Sketch, Wireframing, Adobe XD, Figma and related technologies.",3.9
8,UX Researcher,UI/UX Design,"Sketch, Wireframing, Adobe XD, Figma, User Research, Prototyping","We are looking for an experienced UX Researcher to join our team. The ideal candidate will have expertise in Sketch, Wireframing, Adobe XD, Figma and related technologies.",3.9
9,Product Designer,UI/UX Design,"Sketch, Wireframing, Adobe XD, Figma, User Research, Prototyping","We are looking for an experienced Product Designer to join our team. The ideal candidate will have expertise in Sketch, Wireframing, Adobe XD, Figma and related technologies.",3.9
10,DevOps Engineer,DevOps,"Kubernetes, Terraform, AWS, Azure, Docker, CI/CD","We are looking for an experienced DevOps Engineer to join our team. The ideal candidate will have expertise in Kubernetes, Terraform, AWS, Azure and related technologies.",3.1
11,Site Reliability Engineer,DevOps,"Kubernetes, Terraform, AWS, Azure, Docker, CI/CD","We are looking for an experienced Site Reliability Engineer to join our team. The ideal candidate will have expertise in Kubernetes, Terraform, AWS, Azure and related technologies.",3.1
12,Cloud Architect,DevOps,"Kubernetes, Terraform, AWS, Azure, Docker, CI/CD","We are looking for an experienced Cloud Architect to join our team. The ideal candidate will have expertise in Kubernetes, Terraform, AWS, Azure and related technologies.",3.1
13,Full Stack Developer,Full Stack,"MongoDB, REST API, React, PostgreSQL, Node.js, GraphQL","We are looking for an experienced Full Stack Developer to join our team. The ideal candidate will have expertise in MongoDB, REST API, React, PostgreSQL and related technologies.",3.4
14,Web Application Developer,Full Stack,"MongoDB, REST API, React, PostgreSQL, Node.js, GraphQL","We are looking for an experienced Web Application Developer to join our team. The ideal candidate will have expertise in MongoDB, REST API, React, PostgreSQL and related technologies.",3.4
15,Security Analyst,Cybersecurity,"Penetration Testing, Cryptography, Network Security, Security Audit","We are looking for an experienced Security Analyst to join our team. The ideal candidate will have expertise in Penetration Testing, Cryptography, Network Security, Security Audit and related technologies.",3.9
16,Penetration Tester,Cybersecurity,"Penetration Testing, Cryptography, Network Security, Security Audit","We are looking for an experienced Penetration Tester to join our team. The ideal candidate will have expertise in Penetration Testing, Cryptography, Network Security, Security Audit and related technologies.",3.9
17,Security Engineer,Cybersecurity,"Penetration Testing, Cryptography, Network Security, Security Audit","We are looking for an experienced Security Engineer to join our team. The ideal candidate will have expertise in Penetration Testing, Cryptography, Network Security, Security Audit and related technologies.",3.9
18,Mobile App Developer,Mobile Development,"Android, React Native, iOS, Kotlin, Flutter, Swift","We are looking for an experienced Mobile App Developer to join our team. The ideal candidate will have expertise in Android, React Native, iOS, Kotlin and related technologies.",3.7
19,iOS Developer,Mobile Development,"Android, React Native, iOS, Kotlin, Flutter, Swift","We are looking for an experienced iOS Developer to join our team. The ideal candidate will have expertise in Android, React Native, iOS, Kotlin and related technologies.",3.7
20,Android Developer,Mobile Development,"Android, React Native, iOS, Kotlin, Flutter, Swift","We are looking for an experienced Android Developer to join our team. The ideal candidate will have expertise in Android, React Native, iOS, Kotlin and related technologies.",3.7
21,Data Engineer,Data Engineering,"Python, Spark, BigQuery, SQL, Data Warehousing, ETL","We are looking for an experienced Data Engineer to join our team. The ideal candidate will have expertise in Python, Spark, BigQuery, SQL and related technologies.",4.0
22,ETL Developer,Data Engineering,"Python, Spark, BigQuery, SQL, Data Warehousing, ETL","We are looking for an experienced ETL Developer to join our team. The ideal candidate will have expertise in Python, Spark, BigQuery, SQL and related technologies.",4.0
23,Big Data Engineer,Data Engineering,"Python, Spark, BigQuery, SQL, Data Warehousing, ETL","We are looking for an experienced Big Data Engineer to join our team. The ideal candidate will have expertise in Python, Spark, BigQuery, SQL and related technologies.",4.0
24,Frontend Developer,Web Development,"Node.js, HTML/CSS, React, Angular, Vue.js, JavaScript","We are looking for an experienced Frontend Developer to join our team. The ideal candidate will have expertise in Node.js, HTML/CSS, React, Angular and related technologies.",4.2
25,Web Developer,Web Development,"Node.js, HTML/CSS, React, Angular, Vue.js, JavaScript","We are looking for an experienced Web Developer to join our team. The ideal candidate will have expertise in Node.js, HTML/CSS, React, Angular and related technologies.",4.2
26,Blockchain Developer,Blockchain,"Ethereum, Smart Contracts, Solidity, Web3, DeFi","We are looking for an experienced Blockchain Developer to join our team. The ideal candidate will have expertise in Ethereum, Smart Contracts, Solidity, Web3 and related technologies.",4.1
27,Smart Contract Engineer,Blockchain,"Ethereum, Smart Contracts, Solidity, Web3, DeFi","We are looking for an experienced Smart Contract Engineer to join our team. The ideal candidate will have expertise in Ethereum, Smart Contracts, Solidity, Web3 and related technologies.",4.1
28,Web3 Developer,Blockchain,"Ethereum, Smart Contracts, Solidity, Web3, DeFi","We are looking for an experienced Web3 Developer to join our team. The ideal candidate will have expertise in Ethereum, Smart Contracts, Solidity, Web3 and related technologies.",4.1
29,Senior Data Scientist,AI/ML Engineering,"Python, Machine Learning, Deep Learning, TensorFlow, PyTorch, SQL, Data Science",Lead data science initiatives and build advanced ML models,5.0
30,Cloud DevOps Architect,DevOps,"AWS, Kubernetes, Docker, Terraform, CI/CD, Python, Azure",Design and implement scalable cloud infrastructure,6.0
31,Full Stack Engineer,Full Stack,"React, Node.js, Python, MongoDB, REST API, GraphQL, PostgreSQL",Build end-to-end web applications with modern tech stack,3.0
